,years_total,climbs_total,pitches_total,route_mean,route_max,boulder_mean,boulder_max,danger_factor,solos,hardest_solo,trad_count,sport_count,locations,success,quarter_max1,quarter_max2,quarter_max3,quarter_max4
0,132 days 00:00:00.000000000,19,19,,,4.121052631578948,6.0,0.0,0,,0,0,7,0,6.0,,,
0,0 days 00:00:00.000000000,2,2,9.65,9.8,,,0.0,0,,0,2,1,0,9.8,,,
0,446 days 00:00:00.000000000,17,17,9.670588235294119,11.9,,,0.0,0,,0,17,8,4,11.9,,,
0,460 days 00:00:00.000000000,19,67,8.357894736842105,9.5,,,0.10526315789473684,0,,17,2,17,0,9.5,,,
0,3552 days 00:00:00.000000000,1400,1905,7.338638045891933,12.6,2.45945945945946,9.5,0.125,12,8.5,905,424,469,152,11.0,12.0,10.9,11.7
0,0 days 00:00:00.000000000,1,1,8.5,8.5,,,0.0,0,,0,1,1,1,8.5,,,
0,1144 days 00:00:00.000000000,19,26,6.90625,9.5,,,0.0,4,4.0,7,14,12,7,9.5,,,
0,231 days 00:00:00.000000000,18,25,11.28888888888889,12.0,,,0.1111111111111111,0,,6,13,14,4,12.0,,,
0,3110 days 00:00:00.000000000,18,34,9.988888888888887,11.6,,,0.1111111111111111,0,,11,7,7,0,11.6,,,
0,1959 days 00:00:00.000000000,9,9,7.911111111111111,10.1,,,0.0,0,,4,6,7,1,10.1,,,
0,266 days 00:00:00.000000000,3,4,7.266666666666667,9.8,,,0.0,0,,1,2,3,0,9.8,,,
0,0 days 00:00:00.000000000,1,1,7.5,7.5,,,0.0,0,,0,1,1,0,7.5,,,
0,5 days 00:00:00.000000000,2,2,7.25,8.5,,,0.0,0,,0,2,2,0,8.5,,,
0,352 days 00:00:00.000000000,8,8,8.9,10.0,7.95,11.2,0.0,1,10.8,0,0,4,0,11.2,,,
0,186 days 00:00:00.000000000,8,38,8.275,10.9,,,0.875,0,,8,0,6,0,10.9,,,
0,64 days 00:00:00.000000000,12,17,8.725,10.9,,,0.0,0,,6,6,8,5,10.9,,,
0,3395 days 00:00:00.000000000,336,368,6.601834862385321,11.5,0.0,0.0,0.044642857142857144,1,0.0,229,78,123,23,10.6,10.0,9.0,11.5
0,0 days 00:00:00.000000000,1,1,,,6.8,6.8,0.0,0,,0,0,1,0,6.8,,,
0,0 days 00:00:00.000000000,4,4,10.375,11.0,,,0.25,0,,0,4,1,1,11.0,,,
0,0 days 00:00:00.000000000,9,9,,,3.6333333333333337,6.2,0.0,0,,0,0,5,0,6.2,,,
0,1503 days 00:00:00.000000000,128,175,8.187499999999998,11.2,,,0.1640625,5,10.4,84,44,49,61,11.1,10.9,10.4,11.2
0,823 days 00:00:00.000000000,19,59,10.74736842105263,12.3,,,0.10526315789473684,0,,14,5,9,0,12.3,,,
0,0 days 00:00:00.000000000,1,1,9.5,9.5,,,0.0,0,,1,0,1,0,9.5,,,
0,0 days 00:00:00.000000000,2,2,11.350000000000001,11.4,,,0.0,0,,0,2,1,0,11.4,,,
0,239 days 00:00:00.000000000,10,20,8.92,10.9,,,0.0,0,,0,8,7,3,10.9,,,
0,0 days 00:00:00.000000000,15,15,,,6.400000000000001,8.2,0.0,0,,0,0,12,0,8.2,,,
0,59 days 00:00:00.000000000,5,11,5.0,7.0,,,0.0,0,,4,1,5,3,7.0,,,
0,405 days 00:00:00.000000000,2,2,9.0,9.5,,,0.0,0,,1,1,2,0,9.5,,,
0,0 days 00:00:00.000000000,3,3,7.166666666666667,8.5,,,0.0,0,,0,3,1,0,8.5,,,
0,0 days 00:00:00.000000000,1,1,,,1.2,1.2,0.0,1,1.2,0,0,1,0,1.2,,,
0,25 days 00:00:00.000000000,14,14,4.9799999999999995,8.2,2.85,6.2,0.14285714285714285,0,,0,0,7,0,8.2,,,
0,181 days 00:00:00.000000000,4,4,8.025,10.6,,,0.0,0,,0,4,3,1,10.6,,,
0,55 days 00:00:00.000000000,16,16,8.2,10.3,,,0.0625,0,,9,5,5,0,10.3,,,
0,844 days 00:00:00.000000000,83,128,6.786666666666667,10.4,,,0.08433734939759036,0,,41,34,24,10,10.4,10.0,9.8,10.0
0,191 days 00:00:00.000000000,25,25,8.890909090909089,10.9,1.4666666666666668,2.2,0.16,0,,0,22,12,13,10.9,10.6,,
0,0 days 00:00:00.000000000,1,1,10.0,10.0,,,2.0,0,,1,0,1,0,10.0,,,
0,149 days 00:00:00.000000000,26,26,7.43076923076923,10.1,,,0.038461538461538464,0,,12,13,5,2,10.1,10.1,,
0,4 days 00:00:00.000000000,4,4,8.875,9.5,,,0.0,0,,0,4,3,0,9.5,,,
0,3696 days 00:00:00.000000000,11,31,8.781818181818181,12.3,,,0.36363636363636365,0,,7,4,7,7,12.3,,,
0,34 days 00:00:00.000000000,16,16,7.88125,9.8,,,0.0,0,,3,15,7,4,9.8,,,
0,0 days 00:00:00.000000000,1,1,8.5,8.5,,,0.0,0,,0,1,1,1,8.5,,,
0,0 days 00:00:00.000000000,2,2,8.75,10.0,,,0.0,0,,0,2,1,0,10.0,,,
0,242 days 00:00:00.000000000,11,15,10.418181818181818,12.2,,,0.0,0,,2,9,8,0,12.2,,,
0,122 days 00:00:00.000000000,26,26,9.97692307692308,11.6,,,0.07692307692307693,0,,1,25,8,10,11.6,11.3,,
0,92 days 00:00:00.000000000,22,39,10.768181818181818,11.9,,,0.045454545454545456,0,,1,21,10,0,11.9,11.9,,
0,12 days 00:00:00.000000000,18,45,7.061111111111111,10.0,,,0.0,0,,17,1,7,0,10.0,,,
0,1426 days 00:00:00.000000000,86,144,9.197674418604645,11.4,,,0.011627906976744186,1,7.0,82,4,30,48,10.6,11.0,11.4,11.4
0,19 days 00:00:00.000000000,2,5,7.0,7.0,3.2,3.2,0.0,0,,1,0,2,1,7.0,,,
0,0 days 00:00:00.000000000,2,2,10.3,10.3,,,0.0,0,,1,2,2,0,10.3,,,
0,42 days 00:00:00.000000000,5,11,9.559999999999999,10.3,,,0.0,2,10.3,2,3,4,2,10.3,,,
0,24 days 00:00:00.000000000,6,6,8.383333333333333,10.0,,,0.0,0,,0,6,6,1,10.0,,,
0,0 days 00:00:00.000000000,1,1,8.5,8.5,,,0.0,0,,1,0,1,0,8.5,,,
0,0 days 00:00:00.000000000,1,1,9.8,9.8,,,0.0,0,,0,1,1,0,9.8,,,
0,0 days 00:00:00.000000000,6,6,9.783333333333333,11.0,,,0.0,0,,0,6,4,0,11.0,,,
0,0 days 00:00:00.000000000,3,3,9.333333333333334,10.0,,,0.0,0,,3,0,1,3,10.0,,,
0,102 days 00:00:00.000000000,8,10,8.1,10.7,,,0.0,0,,3,7,5,0,10.7,,,
0,0 days 00:00:00.000000000,1,1,9.5,9.5,,,0.0,0,,0,1,1,0,9.5,,,
0,365 days 00:00:00.000000000,13,13,8.776923076923076,10.0,,,0.0,0,,0,13,3,4,10.0,,,
0,2637 days 00:00:00.000000000,23,23,,,3.1130434782608707,8.2,0.043478260869565216,0,,0,0,16,0,8.2,1.8,,
0,0 days 00:00:00.000000000,1,1,,,,,0.0,0,,1,0,1,0,,,,
0,13 days 00:00:00.000000000,4,4,7.4,8.8,,,0.0,0,,2,3,3,0,8.8,,,
0,0 days 00:00:00.000000000,1,1,7.5,7.5,,,0.0,0,,0,1,1,1,7.5,,,
0,153 days 00:00:00.000000000,18,18,9.087499999999999,11.2,4.1,5.2,0.0,0,,0,16,7,11,11.2,,,
0,374 days 00:00:00.000000000,27,30,8.092307692307692,10.7,0.0,0.0,0.037037037037037035,4,10.7,6,17,15,2,10.7,9.5,,
0,1 days 00:00:00.000000000,2,2,,,6.7,7.2,0.0,0,,0,0,1,0,7.2,,,
0,0 days 00:00:00.000000000,2,2,8.75,9.0,,,0.0,0,,0,2,1,2,9.0,,,
0,0 days 00:00:00.000000000,3,3,9.866666666666667,10.3,,,0.0,0,,0,3,3,0,10.3,,,
0,0 days 00:00:00.000000000,1,1,,,2.2,2.2,0.0,0,,0,0,1,0,2.2,,,
0,8 days 00:00:00.000000000,3,7,7.833333333333333,9.5,,,0.0,0,,2,0,1,0,9.5,,,
0,27 days 00:00:00.000000000,22,22,8.72,10.8,1.8941176470588232,4.2,0.045454545454545456,17,4.2,0,5,15,2,10.8,8.5,,
0,0 days 00:00:00.000000000,1,1,,,3.2,3.2,0.0,0,,0,0,1,0,3.2,,,
0,0 days 00:00:00.000000000,1,1,,,5.2,5.2,0.0,0,,0,0,1,0,5.2,,,
0,119 days 00:00:00.000000000,23,25,8.334782608695651,10.3,,,0.0,0,,2,21,13,0,10.3,10.0,,
0,683 days 00:00:00.000000000,49,50,10.342857142857147,12.0,,,0.0,0,,0,49,26,8,11.9,12.0,10.6,
0,1366 days 00:00:00.000000000,79,92,9.624050632911393,11.6,,,0.0,0,,7,73,29,43,11.6,11.3,11.3,11.6
0,140 days 00:00:00.000000000,26,26,8.590909090909092,11.0,0.9733333333333332,3.2,0.0,0,,0,11,8,1,11.0,9.5,,
0,931 days 00:00:00.000000000,4,11,9.85,11.0,,,0.0,0,,3,1,4,3,11.0,,,
0,19 days 00:00:00.000000000,7,8,10.042857142857143,11.0,,,0.0,0,,0,7,3,0,11.0,,,
0,2221 days 00:00:00.000000000,603,1253,8.025217391304356,11.6,,,0.06301824212271974,11,5.0,441,155,146,23,11.0,11.6,10.6,11.6
0,207 days 00:00:00.000000000,4,4,11.45,12.3,,,0.0,0,,0,4,4,0,12.3,,,
0,0 days 00:00:00.000000000,1,1,10.9,10.9,,,0.0,0,,0,1,1,0,10.9,,,
0,1823 days 00:00:00.000000000,4,19,6.875,8.5,,,0.5,0,,3,1,4,0,8.5,,,
0,2149 days 00:00:00.000000000,133,190,7.737984496124028,11.3,0.6,1.2,0.08270676691729323,0,,69,71,52,20,11.3,10.9,9.8,10.0
0,36 days 00:00:00.000000000,15,15,8.26,11.3,1.6800000000000002,2.8,0.4,2,2.2,2,7,5,0,11.3,,,
0,43 days 00:00:00.000000000,6,6,7.25,9.5,,,0.3333333333333333,1,6.0,3,4,4,1,9.5,,,
0,0 days 00:00:00.000000000,2,2,10.45,10.9,,,0.0,0,,0,2,1,0,10.9,,,
0,8 days 00:00:00.000000000,19,19,9.8,10.8,1.718181818181818,5.2,0.0,0,,0,8,6,0,10.8,,,
0,173 days 00:00:00.000000000,11,12,6.5,9.5,2.5749999999999997,3.2,0.0,0,,3,0,9,0,9.5,,,
0,147 days 00:00:00.000000000,31,31,8.783870967741937,11.3,,,0.0,0,,9,22,11,7,11.0,11.3,,
0,0 days 00:00:00.000000000,1,1,9.5,9.5,,,0.0,0,,0,1,1,1,9.5,,,
0,60 days 00:00:00.000000000,3,3,8.5,8.5,1.2,1.2,0.0,0,,0,2,3,0,8.5,,,
0,1240 days 00:00:00.000000000,45,45,9.431111111111111,11.6,,,0.0,0,,0,45,14,4,11.6,10.7,10.3,
0,280 days 00:00:00.000000000,8,43,9.45,10.3,,,0.0,0,,8,0,7,6,10.3,,,
0,799 days 00:00:00.000000000,58,58,10.126190476190475,12.9,3.8062500000000012,6.2,0.08620689655172414,0,,2,33,29,6,12.9,12.3,12.3,
0,7 days 00:00:00.000000000,4,4,8.5,10.0,0.6,1.2,0.5,3,7.0,0,0,4,0,10.0,,,
0,49 days 00:00:00.000000000,48,262,10.893750000000002,12.7,,,0.25,0,,46,8,27,27,12.0,12.7,11.6,
0,1 days 00:00:00.000000000,12,12,7.991666666666667,10.9,,,0.0,0,,2,10,6,11,10.9,,,
0,180 days 00:00:00.000000000,9,11,9.2,10.9,,,0.0,0,,0,9,4,5,10.9,,,
0,678 days 00:00:00.000000000,11,11,8.47,11.0,,,0.0,0,,1,9,8,0,11.0,,,
0,0 days 00:00:00.000000000,2,2,8.9,10.3,,,0.0,0,,0,2,2,0,10.3,,,
0,96 days 00:00:00.000000000,7,7,7.0,7.0,1.12,3.2,0.0,5,3.2,0,2,3,0,7.0,,,
0,0 days 00:00:00.000000000,9,38,8.444444444444445,10.9,,,0.1111111111111111,1,4.0,4,5,6,3,10.9,,,
0,39 days 00:00:00.000000000,2,4,5.5,6.0,,,0.5,1,5.0,2,0,2,0,6.0,,,
0,183 days 00:00:00.000000000,63,67,8.493617021276595,10.7,0.9437499999999999,2.8,0.0,0,,7,44,27,18,10.3,10.3,10.7,7.0
0,0 days 00:00:00.000000000,4,10,8.65,10.3,,,0.0,0,,4,0,3,1,10.3,,,
0,7 days 00:00:00.000000000,4,5,7.7,9.8,,,0.0,0,,1,3,3,0,9.8,,,
0,65 days 00:00:00.000000000,4,4,8.625,10.0,,,0.0,0,,4,0,2,0,10.0,,,
0,272 days 00:00:00.000000000,92,99,8.894565217391303,11.3,,,0.021739130434782608,0,,5,86,25,1,11.2,11.3,10.5,11.2
0,0 days 00:00:00.000000000,1,1,9.5,9.5,,,0.0,0,,1,0,1,0,9.5,,,
0,546 days 00:00:00.000000000,30,30,9.933333333333334,12.6,,,0.03333333333333333,0,,4,26,12,0,12.6,11.6,,
0,0 days 00:00:00.000000000,3,3,7.166666666666667,7.5,,,0.0,0,,0,3,2,0,7.5,,,
0,861 days 00:00:00.000000000,63,71,9.079365079365079,12.0,,,0.015873015873015872,0,,18,45,30,12,11.0,12.0,10.9,8.5
0,62 days 00:00:00.000000000,49,49,9.520833333333337,10.9,2.2,2.2,0.04081632653061224,1,2.2,4,42,14,23,10.9,10.6,10.6,
0,31 days 00:00:00.000000000,6,7,9.266666666666666,11.0,,,0.0,0,,0,6,2,0,11.0,,,
0,0 days 00:00:00.000000000,3,3,8.5,10.0,,,0.0,0,,0,3,1,0,10.0,,,
0,16 days 00:00:00.000000000,4,4,6.65,10.6,,,0.0,0,,1,1,3,0,10.6,,,
0,336 days 00:00:00.000000000,9,29,8.277777777777779,10.9,,,0.2222222222222222,0,,6,3,9,1,10.9,,,
0,24 days 00:00:00.000000000,5,5,,,0.48,1.2,0.0,0,,0,0,3,0,1.2,,,
0,20 days 00:00:00.000000000,11,11,,,1.2909090909090908,3.2,0.2727272727272727,5,3.2,0,0,3,0,3.2,,,
0,5 days 00:00:00.000000000,7,7,,,0.6857142857142857,1.8,0.0,1,0.0,0,0,2,0,1.8,,,
0,96 days 00:00:00.000000000,8,9,8.45,10.9,1.3,3.2,0.0,2,0.0,1,1,3,0,10.9,,,
0,168 days 00:00:00.000000000,16,16,8.363636363636363,10.3,2.2800000000000002,3.5,0.0,5,3.5,1,10,8,3,10.3,,,
0,0 days 00:00:00.000000000,2,2,9.5,9.5,,,0.0,0,,0,2,1,0,9.5,,,
0,81 days 00:00:00.000000000,3,3,8.333333333333334,9.5,,,0.0,0,,0,3,3,1,9.5,,,
0,461 days 00:00:00.000000000,173,296,9.854913294797685,12.6,,,0.04046242774566474,0,,55,117,53,72,12.4,11.9,11.9,12.0
0,3084 days 00:00:00.000000000,14,16,7.521428571428571,9.5,,,0.0,0,,6,8,5,9,9.5,,,
0,6 days 00:00:00.000000000,5,5,8.2,10.0,,,0.0,0,,1,4,4,2,10.0,,,
0,0 days 00:00:00.000000000,3,3,8.666666666666666,9.5,,,0.0,0,,2,0,1,0,9.5,,,
0,43 days 00:00:00.000000000,7,7,8.942857142857143,10.6,,,0.0,0,,0,7,3,2,10.6,,,
0,0 days 00:00:00.000000000,2,2,7.75,8.5,,,1.0,0,,2,0,1,0,8.5,,,
0,346 days 00:00:00.000000000,34,37,7.692857142857143,10.3,0.19999999999999998,1.2,0.0,6,1.2,1,27,9,7,10.3,9.8,,
0,0 days 00:00:00.000000000,1,1,4.0,4.0,,,0.0,1,4.0,1,0,1,0,4.0,,,
0,0 days 00:00:00.000000000,3,8,,,0.39999999999999997,1.2,0.0,0,,0,0,3,0,1.2,,,
0,0 days 00:00:00.000000000,5,5,8.36,10.8,,,0.0,0,,2,3,2,0,10.8,,,
0,154 days 00:00:00.000000000,17,20,7.05625,10.9,5.0,5.0,0.23529411764705882,1,5.0,9,10,10,12,10.9,,,
0,184 days 00:00:00.000000000,79,91,9.613924050632912,12.2,,,0.0,0,,4,78,20,40,11.6,12.2,11.3,10.3
0,329 days 00:00:00.000000000,10,10,10.940000000000001,12.2,5.92,8.2,0.2,2,7.2,0,5,7,3,12.2,,,
0,233 days 00:00:00.000000000,24,106,10.252173913043478,11.5,3.2,3.2,0.0,1,3.2,18,5,18,12,11.5,11.5,,
0,0 days 00:00:00.000000000,2,2,5.0,6.0,,,0.0,0,,0,2,2,0,6.0,,,
0,0 days 00:00:00.000000000,1,8,7.0,7.0,,,2.0,0,,1,0,1,0,7.0,,,
0,341 days 00:00:00.000000000,12,12,7.833333333333333,9.5,3.216666666666667,4.5,0.08333333333333333,0,,3,1,6,1,9.5,,,
0,93 days 00:00:00.000000000,7,7,8.928571428571429,9.5,,,0.0,0,,0,7,1,0,9.5,,,
0,71 days 00:00:00.000000000,3,7,8.4,9.8,,,0.0,0,,3,0,3,0,9.8,,,
0,0 days 00:00:00.000000000,1,1,10.3,10.3,,,0.0,0,,1,0,1,0,10.3,,,
0,268 days 00:00:00.000000000,24,53,8.041666666666666,10.0,,,0.08333333333333333,0,,8,16,11,4,10.0,9.0,,
0,394 days 00:00:00.000000000,19,19,7.978947368421053,10.3,,,0.05263157894736842,1,5.0,13,6,7,10,10.3,,,
0,153 days 00:00:00.000000000,32,45,7.80625,10.4,,,0.0,1,0.0,5,27,17,13,10.4,9.5,,
0,0 days 00:00:00.000000000,1,1,10.9,10.9,,,0.0,0,,1,0,1,0,10.9,,,
0,0 days 00:00:00.000000000,2,2,10.4,11.3,,,2.0,0,,1,1,1,0,11.3,,,
0,56 days 00:00:00.000000000,4,4,7.0,8.5,,,0.25,0,,1,4,2,0,8.5,,,
0,21 days 00:00:00.000000000,21,31,10.061904761904762,12.0,,,0.0,0,,4,17,7,12,12.0,9.5,,
0,46 days 00:00:00.000000000,13,13,6.384615384615385,7.0,,,0.15384615384615385,0,,3,10,4,0,7.0,,,
0,447 days 00:00:00.000000000,86,184,8.865116279069769,11.0,,,0.0,0,,48,41,32,14,11.0,11.0,10.3,10.3
0,0 days 00:00:00.000000000,1,1,9.5,9.5,,,0.0,0,,0,0,1,0,9.5,,,
0,0 days 00:00:00.000000000,1,1,10.0,10.0,,,0.0,0,,0,1,1,0,10.0,,,
0,0 days 00:00:00.000000000,1,1,10.3,10.3,,,0.0,0,,0,1,1,0,10.3,,,
0,115 days 00:00:00.000000000,10,12,7.628571428571428,10.4,0.0,0.0,0.0,1,0.0,3,4,7,5,10.4,,,
0,2 days 00:00:00.000000000,3,6,9.3,10.6,,,0.0,0,,0,3,2,2,10.6,,,
0,262 days 00:00:00.000000000,10,17,6.25,8.5,,,0.0,0,,9,1,8,0,8.5,,,
0,321 days 00:00:00.000000000,20,31,8.358333333333333,10.0,1.9249999999999998,3.2,0.0,0,,2,10,10,6,10.0,,,
0,552 days 00:00:00.000000000,19,22,8.136842105263158,10.0,,,0.0,0,,1,16,12,0,10.0,,,
0,324 days 00:00:00.000000000,35,36,7.1085714285714285,9.8,,,0.0,0,,3,30,17,0,9.5,9.8,,
0,5471 days 00:00:00.000000000,530,679,10.039433962264177,13.0,,,0.052830188679245285,2,4.0,158,386,150,370,12.0,12.2,12.0,11.9
0,0 days 00:00:00.000000000,2,2,7.75,9.5,,,0.0,0,,0,2,1,0,9.5,,,
0,0 days 00:00:00.000000000,6,6,11.299999999999999,12.9,,,0.0,0,,0,6,3,0,12.9,,,
0,0 days 00:00:00.000000000,1,1,7.5,7.5,,,0.0,0,,0,1,1,0,7.5,,,
0,0 days 00:00:00.000000000,2,3,,,,,0.0,0,,0,0,2,0,,,,
0,2971 days 00:00:00.000000000,157,257,8.376433121019108,11.3,,,0.025477707006369428,0,,88,70,54,0,11.3,11.3,10.6,10.6
0,308 days 00:00:00.000000000,15,19,7.053333333333333,8.8,,,0.0,0,,2,13,7,0,8.8,,,
0,41 days 00:00:00.000000000,10,10,,,1.9799999999999998,3.2,0.0,0,,0,0,4,0,3.2,,,
0,0 days 00:00:00.000000000,1,1,7.0,7.0,,,0.0,0,,0,1,1,1,7.0,,,
0,25 days 00:00:00.000000000,17,26,7.770588235294118,10.3,,,0.0,1,2.0,2,13,10,9,10.3,,,
0,0 days 00:00:00.000000000,3,3,10.466666666666667,11.6,,,0.0,0,,0,3,3,1,11.6,,,
0,205 days 00:00:00.000000000,16,29,10.6,10.6,1.4799999999999998,3.2,0.125,14,3.2,0,1,10,0,10.6,,,
0,0 days 00:00:00.000000000,1,1,,,2.8,2.8,0.0,0,,0,0,1,0,2.8,,,
0,91 days 00:00:00.000000000,3,5,6.0,7.0,1.8,1.8,0.0,1,1.8,0,0,2,0,7.0,,,
0,482 days 00:00:00.000000000,36,68,7.286111111111111,10.0,,,0.0,8,7.0,9,27,11,2,10.0,9.8,,
0,0 days 00:00:00.000000000,1,4,7.0,7.0,,,0.0,0,,1,0,1,0,7.0,,,
0,11 days 00:00:00.000000000,5,6,9.8,11.0,,,0.0,0,,4,2,1,3,11.0,,,
0,711 days 00:00:00.000000000,14,34,6.214285714285714,8.5,,,0.0,0,,8,6,7,7,8.5,,,
0,806 days 00:00:00.000000000,7,8,6.757142857142857,9.8,,,0.0,0,,2,5,3,0,9.8,,,
0,0 days 00:00:00.000000000,1,1,9.5,9.5,,,0.0,0,,0,1,1,0,9.5,,,
0,0 days 00:00:00.000000000,1,1,10.6,10.6,,,0.0,0,,0,1,1,1,10.6,,,
0,94 days 00:00:00.000000000,7,7,9.328571428571431,10.2,,,0.0,0,,0,7,3,1,10.2,,,
0,588 days 00:00:00.000000000,89,108,8.988636363636363,12.2,7.0,7.0,0.056179775280898875,2,7.0,41,46,42,16,11.4,12.2,11.8,10.9
0,0 days 00:00:00.000000000,1,1,9.5,9.5,,,0.0,0,,0,1,1,0,9.5,,,
0,29 days 00:00:00.000000000,3,3,,,3.733333333333333,4.2,0.0,0,,0,0,3,0,4.2,,,
0,0 days 00:00:00.000000000,7,7,9.771428571428572,10.3,,,0.0,0,,2,5,6,0,10.3,,,
0,848 days 00:00:00.000000000,63,156,8.529032258064516,12.0,0.0,0.0,0.031746031746031744,1,0.0,28,34,35,15,11.6,11.1,12.0,10.8
0,62 days 00:00:00.000000000,4,4,8.325,9.8,,,0.0,0,,0,4,4,0,9.8,,,
0,0 days 00:00:00.000000000,4,4,9.25,9.5,,,0.0,0,,3,1,2,1,9.5,,,
0,46 days 00:00:00.000000000,15,16,8.893333333333333,9.8,,,0.06666666666666667,0,,0,15,6,11,9.8,,,
0,345 days 00:00:00.000000000,15,47,8.879999999999999,10.6,,,0.26666666666666666,0,,14,2,9,1,10.6,,,
0,0 days 00:00:00.000000000,1,1,,,0.0,0.0,0.0,1,0.0,0,0,1,0,0.0,,,
0,2657 days 00:00:00.000000000,91,187,8.08021978021978,10.6,,,0.08791208791208792,0,,91,1,18,7,10.6,10.5,10.0,9.5
0,0 days 00:00:00.000000000,2,2,9.55,10.6,,,0.0,0,,1,1,1,2,10.6,,,
0,233 days 00:00:00.000000000,4,4,,,1.8,2.8,0.5,1,2.2,0,0,4,0,2.8,,,
0,268 days 00:00:00.000000000,24,63,7.145833333333333,9.5,,,0.08333333333333333,0,,19,5,18,4,9.5,7.0,,
0,80 days 00:00:00.000000000,8,11,7.225,10.0,,,0.0,0,,5,4,5,0,10.0,,,
0,0 days 00:00:00.000000000,1,6,7.0,7.0,,,0.0,0,,1,0,1,0,7.0,,,
0,435 days 00:00:00.000000000,35,110,7.992592592592593,10.6,3.4625,5.2,0.11428571428571428,3,4.2,26,1,21,0,10.6,10.0,,
0,0 days 00:00:00.000000000,1,6,9.8,9.8,,,0.0,0,,1,1,1,0,9.8,,,
0,69 days 00:00:00.000000000,7,8,9.357142857142858,10.6,,,0.0,0,,1,6,3,2,10.6,,,
0,0 days 00:00:00.000000000,1,21,10.9,10.9,,,0.0,0,,0,1,1,0,10.9,,,
0,476 days 00:00:00.000000000,50,55,9.75,11.6,4.1,7.5,0.0,4,11.4,3,7,27,2,11.6,11.4,6.5,
0,15 days 00:00:00.000000000,11,16,8.427272727272728,10.2,,,0.0,0,,4,7,8,6,10.2,,,
0,198 days 00:00:00.000000000,22,22,8.176923076923076,9.8,0.1111111111111111,1.0,0.0,0,,5,9,8,0,9.8,8.5,,
0,115 days 00:00:00.000000000,35,35,9.305714285714286,11.0,,,0.0,0,,0,35,14,0,11.0,10.3,,
0,4 days 00:00:00.000000000,5,6,7.4799999999999995,10.4,,,0.0,0,,0,5,3,0,10.4,,,
0,1548 days 00:00:00.000000000,34,84,4.893939393939394,7.5,,,0.08823529411764706,0,,33,0,23,30,7.5,7.0,,
0,0 days 00:00:00.000000000,1,1,,,2.2,2.2,2.0,0,,0,0,1,0,2.2,,,
0,97 days 00:00:00.000000000,27,32,7.652941176470588,11.3,1.5399999999999998,3.2,0.0,1,8.5,12,5,14,2,11.3,3.2,,
0,858 days 00:00:00.000000000,80,123,8.368831168831168,11.5,1.5333333333333332,2.2,0.025,1,0.0,24,54,27,0,10.3,10.9,11.0,11.5
0,1250 days 00:00:00.000000000,82,117,10.10379746835443,12.0,1.8,3.2,0.06097560975609756,0,,0,79,35,40,12.0,11.3,11.0,11.5
0,0 days 00:00:00.000000000,1,1,11.0,11.0,,,0.0,0,,0,1,1,0,11.0,,,
0,744 days 00:00:00.000000000,27,27,8.544444444444444,10.9,,,0.0,0,,0,27,15,13,10.9,10.0,,
0,60 days 00:00:00.000000000,12,13,8.983333333333333,10.0,,,0.0,0,,1,11,4,1,10.0,,,
0,0 days 00:00:00.000000000,1,1,10.5,10.5,,,0.0,0,,0,1,1,0,10.5,,,
0,0 days 00:00:00.000000000,1,1,5.0,5.0,,,0.0,0,,0,1,1,0,5.0,,,
0,13 days 00:00:00.000000000,3,3,7.6000000000000005,8.8,,,0.0,0,,3,0,1,1,8.8,,,
0,41 days 00:00:00.000000000,2,2,,,4.7,6.2,0.0,0,,0,0,2,0,6.2,,,
0,8 days 00:00:00.000000000,9,9,7.088888888888889,10.8,,,0.0,0,,5,0,4,0,10.8,,,
0,0 days 00:00:00.000000000,2,2,9.25,10.0,,,0.0,0,,0,2,2,2,10.0,,,
0,47 days 00:00:00.000000000,10,27,8.92,12.0,,,0.0,0,,3,8,6,0,12.0,,,
0,0 days 00:00:00.000000000,3,3,8.766666666666667,9.8,,,0.0,0,,0,0,1,0,9.8,,,
0,1 days 00:00:00.000000000,4,4,4.0,4.0,0.0,0.0,0.0,0,,1,0,2,0,4.0,,,
0,0 days 00:00:00.000000000,1,2,9.5,9.5,,,2.0,0,,1,0,1,0,9.5,,,
0,0 days 00:00:00.000000000,2,2,10.2,10.9,,,0.0,0,,0,0,1,0,10.9,,,
0,568 days 00:00:00.000000000,24,27,9.612499999999999,12.3,2.8,5.2,0.0,7,4.2,2,15,12,3,12.3,10.6,,
0,114 days 00:00:00.000000000,24,24,8.9125,10.2,2.29375,6.2,0.0,0,,2,6,15,2,10.2,6.2,,
0,2537 days 00:00:00.000000000,64,106,10.598214285714288,13.0,4.6125,5.2,0.15625,0,,37,19,44,0,13.0,12.0,12.0,11.6
0,1504 days 00:00:00.000000000,206,220,10.605232558139528,12.9,3.7147058823529426,7.8,0.0,0,,8,165,95,64,12.6,12.0,12.9,12.0
0,0 days 00:00:00.000000000,1,1,10.9,10.9,,,0.0,0,,0,1,1,0,10.9,,,
0,3 days 00:00:00.000000000,8,8,7.375,9.5,,,0.0,0,,0,8,3,0,9.5,,,
0,1725 days 00:00:00.000000000,376,492,9.165229110512128,12.6,3.2,5.2,0.026595744680851064,0,,146,232,125,13,11.3,11.7,11.6,11.8
0,0 days 00:00:00.000000000,4,4,6.375,8.5,,,0.0,0,,4,0,1,0,8.5,,,
0,63 days 00:00:00.000000000,9,10,10.066666666666665,10.8,,,0.2222222222222222,0,,0,7,7,1,10.8,,,
0,0 days 00:00:00.000000000,1,1,,,0.0,0.0,0.0,1,0.0,0,0,1,0,0.0,,,
0,0 days 00:00:00.000000000,2,2,9.4,10.3,,,0.0,0,,2,0,1,0,10.3,,,
0,0 days 00:00:00.000000000,2,2,5.75,8.5,,,1.0,0,,0,2,1,0,8.5,,,
0,2228 days 00:00:00.000000000,66,93,7.746938775510205,10.5,0.9588235294117645,7.0,0.0,7,2.2,8,41,24,13,10.5,10.2,10.1,9.0
0,173 days 00:00:00.000000000,7,11,5.214285714285714,8.5,,,0.0,0,,2,5,4,0,8.5,,,
0,269 days 00:00:00.000000000,3,6,9.5,9.5,,,0.0,0,,1,1,3,0,9.5,,,
0,0 days 00:00:00.000000000,1,1,8.5,8.5,,,0.0,0,,0,1,1,0,8.5,,,
0,932 days 00:00:00.000000000,32,37,8.265625,10.3,,,0.03125,0,,17,14,15,0,10.3,9.5,,
0,410 days 00:00:00.000000000,31,31,8.600000000000001,11.3,,,0.0,0,,2,28,12,17,11.1,11.3,,
0,2 days 00:00:00.000000000,4,4,9.325,10.5,,,0.0,0,,0,3,1,1,10.5,,,
0,387 days 00:00:00.000000000,42,102,8.680952380952382,10.6,,,0.07142857142857142,0,,41,3,20,25,10.6,10.1,8.8,
0,0 days 00:00:00.000000000,4,4,9.05,10.9,,,0.0,0,,0,4,2,1,10.9,,,
0,141 days 00:00:00.000000000,7,15,7.328571428571428,8.8,,,0.2857142857142857,0,,2,5,5,2,8.8,,,
0,307 days 00:00:00.000000000,18,18,6.5,8.0,3.2375,7.2,0.0,14,8.0,0,0,6,0,8.0,,,
0,274 days 00:00:00.000000000,39,39,,,0.9205128205128205,3.5,0.02564102564102564,2,0.0,0,0,11,0,3.5,2.8,,
0,0 days 00:00:00.000000000,1,2,9.5,9.5,,,0.0,0,,0,1,1,0,9.5,,,
0,0 days 00:00:00.000000000,2,2,10.05,10.6,,,0.0,0,,0,2,2,0,10.6,,,
0,2344 days 00:00:00.000000000,47,81,9.640425531914891,11.7,,,0.0851063829787234,0,,45,2,23,0,11.7,10.9,11.2,
0,1683 days 00:00:00.000000000,31,31,10.295238095238098,12.2,3.2399999999999998,6.0,0.0,0,,1,20,17,7,11.3,12.2,,
0,0 days 00:00:00.000000000,2,2,10.25,11.0,,,0.0,0,,0,2,1,0,11.0,,,
0,50 days 00:00:00.000000000,18,26,9.111111111111112,11.0,,,0.05555555555555555,0,,5,13,9,8,11.0,,,
0,238 days 00:00:00.000000000,21,21,,,2.185714285714286,5.2,0.09523809523809523,0,,0,0,16,0,5.2,3.2,,
0,0 days 00:00:00.000000000,1,1,6.0,6.0,,,0.0,0,,0,1,1,0,6.0,,,
0,41 days 00:00:00.000000000,16,16,,,4.012500000000001,6.2,0.125,0,,0,0,6,0,6.2,,,
0,0 days 00:00:00.000000000,1,3,4.0,4.0,,,0.0,0,,1,0,1,0,4.0,,,
0,4 days 00:00:00.000000000,6,18,9.049999999999999,10.6,,,0.0,0,,2,5,4,0,10.6,,,
0,603 days 00:00:00.000000000,13,15,8.123076923076923,9.8,,,0.0,0,,3,10,6,2,9.8,,,
0,0 days 00:00:00.000000000,3,8,7.0,7.0,,,0.0,1,7.0,0,3,1,0,7.0,,,
0,442 days 00:00:00.000000000,44,44,8.256818181818183,10.6,,,0.0,0,,0,44,11,12,9.8,10.6,8.5,
0,567 days 00:00:00.000000000,45,102,9.276744186046514,12.0,,,0.1111111111111111,0,,31,14,23,0,11.3,12.0,9.5,
0,397 days 00:00:00.000000000,82,172,9.037974683544302,11.6,,,0.04878048780487805,0,,74,5,39,15,11.1,10.6,11.6,11.0
0,476 days 00:00:00.000000000,131,148,8.909923664122132,11.6,,,0.007633587786259542,0,,21,113,31,0,11.5,11.6,11.3,10.9
0,6940 days 00:00:00.000000000,10,12,7.040000000000001,11.4,,,0.2,0,,4,6,9,0,11.4,,,
0,0 days 00:00:00.000000000,1,1,12.6,12.6,,,0.0,0,,0,1,1,0,12.6,,,
0,34 days 00:00:00.000000000,4,4,,,2.4000000000000004,4.2,0.0,0,,0,0,1,0,4.2,,,
0,0 days 00:00:00.000000000,1,1,10.3,10.3,,,0.0,0,,0,1,1,0,10.3,,,
0,2 days 00:00:00.000000000,2,2,8.25,9.5,,,0.5,0,,1,2,2,1,9.5,,,
0,0 days 00:00:00.000000000,3,3,8.333333333333334,9.5,,,0.0,0,,1,2,2,1,9.5,,,
0,252 days 00:00:00.000000000,13,14,9.85384615384615,10.6,,,0.0,0,,0,13,7,6,10.6,,,
0,0 days 00:00:00.000000000,1,1,8.5,8.5,,,0.0,0,,1,0,1,1,8.5,,,
0,0 days 00:00:00.000000000,2,2,,,0.0,0.0,0.0,2,0.0,0,0,1,0,0.0,,,
0,988 days 00:00:00.000000000,71,102,7.314285714285714,10.9,0.0,0.0,0.1267605633802817,0,,48,22,24,0,10.9,10.6,10.6,9.8
0,14 days 00:00:00.000000000,5,5,8.7,10.0,,,0.0,0,,0,5,3,0,10.0,,,
0,98 days 00:00:00.000000000,7,7,6.285714285714286,8.5,,,0.0,0,,3,4,4,0,8.5,,,
0,1317 days 00:00:00.000000000,11,16,7.672727272727272,11.6,,,0.0,0,,5,4,3,0,11.6,,,
0,4 days 00:00:00.000000000,11,15,7.045454545454546,9.0,,,0.0,0,,1,10,4,0,9.0,,,
0,103 days 00:00:00.000000000,17,17,9.18235294117647,12.5,,,0.0,0,,0,17,7,0,12.5,,,
0,0 days 00:00:00.000000000,1,1,10.6,10.6,,,0.0,0,,0,1,1,0,10.6,,,
0,69 days 00:00:00.000000000,4,7,7.75,10.0,,,0.0,0,,1,2,4,1,10.0,,,
0,115 days 00:00:00.000000000,38,38,9.431034482758621,11.0,3.0777777777777775,5.2,0.0,10,5.2,1,28,18,25,11.0,10.6,,
0,0 days 00:00:00.000000000,1,1,10.0,10.0,,,0.0,0,,0,1,1,0,10.0,,,
0,81 days 00:00:00.000000000,3,3,8.5,8.5,1.6,2.0,0.3333333333333333,0,,0,1,2,1,8.5,,,
0,63 days 00:00:00.000000000,8,8,7.1625,8.8,,,0.0,0,,0,8,2,0,8.8,,,
0,97 days 00:00:00.000000000,137,227,9.502290076335875,11.9,4.233333333333333,11.6,0.13138686131386862,0,,109,20,90,0,11.6,11.0,11.6,11.6
0,1206 days 00:00:00.000000000,19,28,10.68421052631579,13.0,,,0.05263157894736842,0,,4,15,15,7,13.0,,,
0,0 days 00:00:00.000000000,1,1,13.3,13.3,,,0.0,0,,0,1,1,0,13.3,,,
0,90 days 00:00:00.000000000,8,18,7.2875,9.8,,,0.0,0,,8,0,6,0,9.8,,,
0,42 days 00:00:00.000000000,17,55,7.725,10.1,,,0.0,0,,13,6,11,0,10.1,,,
0,540 days 00:00:00.000000000,21,21,10.6,12.1,3.728571428571429,5.8,0.0,0,,0,6,12,0,12.1,2.0,,
0,2 days 00:00:00.000000000,4,4,8.675,11.2,,,0.0,0,,0,4,2,2,11.2,,,
0,368 days 00:00:00.000000000,20,43,7.95,10.6,,,0.0,0,,17,4,13,0,10.6,,,
0,0 days 00:00:00.000000000,2,2,,,0.6,1.2,0.5,2,1.2,0,0,2,0,1.2,,,
0,105 days 00:00:00.000000000,16,16,,,0.30625,2.2,0.0,0,,0,0,7,0,2.2,,,
0,0 days 00:00:00.000000000,1,1,,,4.5,4.5,0.0,0,,0,0,1,0,4.5,,,
0,216 days 00:00:00.000000000,11,11,8.381818181818183,10.3,,,0.09090909090909091,0,,1,10,6,1,10.3,,,
0,71 days 00:00:00.000000000,13,13,7.783333333333334,10.3,1.2,1.2,0.0,0,,2,10,7,3,10.3,,,
0,0 days 00:00:00.000000000,6,9,7.25,9.5,,,0.0,0,,5,1,4,0,9.5,,,
0,4 days 00:00:00.000000000,13,13,7.799999999999999,9.8,,,0.0,0,,0,13,5,7,9.8,,,
0,0 days 00:00:00.000000000,2,6,9.0,9.5,,,0.0,0,,1,1,2,0,9.5,,,
0,105 days 00:00:00.000000000,32,53,8.707692307692309,10.3,1.6666666666666667,3.2,0.0,0,,4,23,13,13,10.3,10.0,,
0,185 days 00:00:00.000000000,52,52,9.005263157894737,11.3,2.436363636363637,5.8,0.019230769230769232,0,,0,19,17,13,10.0,11.3,10.6,
0,140 days 00:00:00.000000000,8,8,6.0625,8.5,,,0.375,0,,8,0,5,0,8.5,,,
0,4 days 00:00:00.000000000,7,7,6.642857142857143,9.5,,,0.0,0,,0,7,4,3,9.5,,,
0,0 days 00:00:00.000000000,2,2,5.0,5.0,,,0.0,0,,0,2,2,0,5.0,,,
0,0 days 00:00:00.000000000,1,2,7.0,7.0,,,0.0,0,,0,1,1,1,7.0,,,
0,0 days 00:00:00.000000000,6,6,9.733333333333333,10.6,,,0.0,0,,0,6,4,0,10.6,,,
0,0 days 00:00:00.000000000,1,1,5.0,5.0,,,0.0,0,,0,1,1,1,5.0,,,
0,76 days 00:00:00.000000000,2,2,7.25,8.5,,,0.0,0,,1,1,2,0,8.5,,,
0,0 days 00:00:00.000000000,1,1,9.5,9.5,,,0.0,0,,0,1,1,0,9.5,,,
0,44 days 00:00:00.000000000,38,43,8.131578947368423,11.0,,,0.0,0,,13,25,11,24,11.0,10.6,,
0,52 days 00:00:00.000000000,10,10,9.379999999999999,10.3,,,0.0,0,,4,6,8,10,10.3,,,
0,0 days 00:00:00.000000000,4,4,7.875,10.0,,,0.0,0,,0,4,1,0,10.0,,,
0,0 days 00:00:00.000000000,1,1,8.5,8.5,,,0.0,0,,0,1,1,1,8.5,,,
0,106 days 00:00:00.000000000,32,41,10.187500000000002,11.6,,,0.03125,0,,0,32,16,13,11.6,11.0,,
0,1056 days 00:00:00.000000000,42,45,9.540476190476193,11.6,,,0.0,0,,2,42,29,0,11.6,10.3,10.0,
0,8 days 00:00:00.000000000,6,7,7.883333333333333,12.0,,,0.0,0,,2,3,4,0,12.0,,,
0,0 days 00:00:00.000000000,4,4,8.25,10.0,,,0.0,0,,0,4,1,1,10.0,,,
0,33 days 00:00:00.000000000,13,13,6.875,10.0,0.0,0.0,0.0,0,,0,12,7,0,10.0,,,
0,666 days 00:00:00.000000000,11,15,6.709090909090909,9.5,,,0.09090909090909091,0,,10,1,7,0,9.5,,,
0,31 days 00:00:00.000000000,25,29,9.020000000000001,11.6,,,0.04,0,,4,21,11,0,11.6,11.0,,
0,0 days 00:00:00.000000000,3,3,7.833333333333333,10.0,,,0.0,0,,0,3,2,0,10.0,,,
0,182 days 00:00:00.000000000,24,24,8.370833333333334,10.6,,,0.0,0,,1,23,10,0,10.6,10.0,,
0,780 days 00:00:00.000000000,4,4,9.5,10.3,,,0.0,0,,0,4,3,0,10.3,,,
0,43 days 00:00:00.000000000,20,20,9.379999999999999,11.4,,,0.0,0,,0,20,6,5,11.4,,,
0,616 days 00:00:00.000000000,184,266,9.95395683453237,13.0,3.137777777777778,8.8,0.03804347826086957,29,10.1,24,105,63,59,12.2,12.1,8.5,13.0
0,449 days 00:00:00.000000000,26,31,6.516666666666666,10.3,2.35,3.5,0.038461538461538464,0,,24,0,8,0,10.3,7.0,,
0,106 days 00:00:00.000000000,4,12,8.725,10.9,,,0.5,0,,2,2,3,0,10.9,,,
0,526 days 00:00:00.000000000,30,30,10.416666666666668,12.0,,,0.06666666666666667,0,,0,30,11,2,12.0,10.5,,
0,186 days 00:00:00.000000000,9,9,7.757142857142857,9.5,0.0,0.0,0.0,0,,2,2,6,2,9.5,,,
0,233 days 00:00:00.000000000,15,15,11.093333333333334,12.0,,,0.06666666666666667,0,,0,15,7,2,12.0,,,
0,308 days 00:00:00.000000000,4,4,8.95,10.3,,,0.0,0,,0,4,2,0,10.3,,,
0,14 days 00:00:00.000000000,8,10,6.875,9.5,,,0.125,0,,5,3,2,0,9.5,,,
0,196 days 00:00:00.000000000,26,36,8.868421052631579,11.4,4.357142857142858,10.4,0.038461538461538464,2,10.4,14,4,11,7,11.0,11.4,,
0,0 days 00:00:00.000000000,3,3,7.0,7.0,,,0.0,0,,1,3,2,0,7.0,,,
0,0 days 00:00:00.000000000,1,1,9.5,9.5,,,0.0,0,,0,1,1,0,9.5,,,
0,3 days 00:00:00.000000000,3,6,9.166666666666666,9.5,,,0.0,0,,0,3,3,0,9.5,,,
0,64 days 00:00:00.000000000,7,7,9.62857142857143,10.6,,,0.0,0,,0,7,2,0,10.6,,,
0,681 days 00:00:00.000000000,62,89,10.427419354838708,12.1,,,0.11290322580645161,0,,61,1,26,12,12.1,12.1,11.6,10.4
0,0 days 00:00:00.000000000,2,2,9.5,9.5,,,0.0,0,,0,2,1,0,9.5,,,
0,112 days 00:00:00.000000000,19,30,7.699999999999999,11.6,,,0.0,0,,14,3,10,0,11.6,,,
0,480 days 00:00:00.000000000,19,20,8.505555555555556,10.0,2.2,2.2,0.0,0,,0,18,16,0,10.0,,,
0,268 days 00:00:00.000000000,15,15,10.02,11.3,,,0.0,0,,2,13,4,4,11.3,,,
0,0 days 00:00:00.000000000,1,2,5.0,5.0,,,0.0,0,,1,0,1,0,5.0,,,
0,443 days 00:00:00.000000000,29,29,7.520689655172413,10.0,,,0.0,0,,4,24,12,5,10.0,9.5,,
0,0 days 00:00:00.000000000,1,1,11.3,11.3,,,0.0,0,,0,1,1,0,11.3,,,
0,0 days 00:00:00.000000000,4,36,9.075,9.5,,,0.0,0,,0,4,4,2,9.5,,,
0,858 days 00:00:00.000000000,162,215,9.296894409937885,12.0,3.2,3.2,0.043209876543209874,0,,56,97,63,24,12.0,12.0,11.6,12.0
0,64 days 00:00:00.000000000,5,5,9.040000000000001,10.9,,,0.0,0,,0,5,3,0,10.9,,,
0,314 days 00:00:00.000000000,14,23,7.778571428571428,10.0,,,0.0,0,,9,5,7,0,10.0,,,
0,4 days 00:00:00.000000000,7,7,8.071428571428571,10.0,,,0.0,0,,1,6,3,2,10.0,,,
0,0 days 00:00:00.000000000,1,1,9.5,9.5,,,0.0,0,,0,1,1,0,9.5,,,
0,327 days 00:00:00.000000000,10,10,8.74,11.3,,,0.0,0,,1,9,5,1,11.3,,,
0,739 days 00:00:00.000000000,31,31,9.719354838709679,11.2,,,0.03225806451612903,0,,5,20,11,1,11.2,11.2,,
0,0 days 00:00:00.000000000,1,1,8.5,8.5,,,0.0,0,,0,0,1,0,8.5,,,
0,3 days 00:00:00.000000000,14,16,8.542857142857143,10.0,,,0.0,0,,13,1,6,6,10.0,,,
0,34 days 00:00:00.000000000,6,11,7.833333333333333,9.5,,,0.3333333333333333,0,,3,3,3,0,9.5,,,
0,30 days 00:00:00.000000000,3,3,10.266666666666667,11.3,,,0.0,0,,1,2,2,1,11.3,,,
0,65 days 00:00:00.000000000,4,4,9.225,10.6,,,0.0,0,,0,4,2,1,10.6,,,
0,67 days 00:00:00.000000000,28,43,9.442857142857145,11.5,,,0.0,0,,15,13,13,14,11.5,10.3,,
0,49 days 00:00:00.000000000,24,40,6.229166666666667,9.5,,,0.16666666666666666,0,,22,3,12,11,9.5,7.5,,
0,4541 days 00:00:00.000000000,364,1079,9.81349862258954,12.1,,,0.10164835164835165,4,8.5,330,41,153,28,11.7,11.4,11.9,11.3
0,664 days 00:00:00.000000000,26,30,9.515384615384615,11.0,,,0.0,0,,2,24,13,17,11.0,10.3,,
0,1597 days 00:00:00.000000000,102,104,9.588118811881186,11.9,,,0.0392156862745098,0,,15,89,30,0,11.9,11.6,11.8,10.9
0,0 days 00:00:00.000000000,2,4,,,,,0.0,0,,0,0,1,0,,,,
0,50 days 00:00:00.000000000,35,57,8.745714285714286,11.3,,,0.11428571428571428,0,,12,24,16,0,10.9,11.3,,
0,0 days 00:00:00.000000000,1,3,4.0,4.0,,,0.0,0,,0,1,1,0,4.0,,,
0,1221 days 00:00:00.000000000,13,30,7.276923076923077,10.6,,,0.15384615384615385,0,,11,2,8,0,10.6,,,
0,1451 days 00:00:00.000000000,7,8,3.0,3.0,,,0.0,0,,2,0,7,0,3.0,,,
0,0 days 00:00:00.000000000,2,2,6.0,7.0,,,0.0,0,,2,0,1,0,7.0,,,
0,0 days 00:00:00.000000000,5,5,9.16,10.3,,,0.0,0,,1,4,2,0,10.3,,,
0,1375 days 00:00:00.000000000,9,9,10.122222222222224,11.2,,,0.0,0,,0,9,2,0,11.2,,,
0,400 days 00:00:00.000000000,2,6,8.8,10.6,,,0.0,0,,2,0,2,0,10.6,,,
0,590 days 00:00:00.000000000,13,17,10.169230769230769,11.0,,,0.0,0,,9,5,6,6,11.0,,,
0,143 days 00:00:00.000000000,15,15,9.373333333333333,11.2,,,0.0,0,,1,14,5,0,11.2,,,
0,0 days 00:00:00.000000000,1,1,10.9,10.9,,,0.0,0,,0,1,1,0,10.9,,,
0,1963 days 00:00:00.000000000,284,470,6.432089552238804,11.0,0.9666666666666668,2.2,0.09154929577464789,5,7.5,248,26,103,88,8.5,9.5,9.5,10.6
0,120 days 00:00:00.000000000,7,7,8.242857142857144,11.2,,,0.0,0,,0,7,3,0,11.2,,,
0,0 days 00:00:00.000000000,1,1,10.1,10.1,,,0.0,0,,1,0,1,0,10.1,,,
0,32 days 00:00:00.000000000,6,6,10.025,10.8,0.0,0.0,0.0,2,0.0,2,3,4,0,10.8,,,
0,0 days 00:00:00.000000000,4,4,9.85,10.6,,,0.0,0,,3,1,2,0,10.6,,,
0,13 days 00:00:00.000000000,17,22,7.5588235294117645,10.4,,,0.23529411764705882,0,,9,9,13,6,10.4,,,
0,0 days 00:00:00.000000000,1,1,8.5,8.5,,,0.0,0,,0,1,1,0,8.5,,,
0,0 days 00:00:00.000000000,1,4,7.0,7.0,,,0.0,0,,1,0,1,0,7.0,,,
0,0 days 00:00:00.000000000,3,3,7.666666666666667,9.0,,,0.0,0,,0,3,1,0,9.0,,,
0,48 days 00:00:00.000000000,12,12,9.042857142857143,10.0,1.28,3.2,0.0,5,3.2,0,7,5,3,10.0,,,
0,0 days 00:00:00.000000000,2,2,9.65,10.5,,,0.0,0,,1,1,1,0,10.5,,,
0,7 days 00:00:00.000000000,2,2,9.0,9.5,,,0.0,0,,0,2,1,0,9.5,,,
0,0 days 00:00:00.000000000,1,5,8.5,8.5,,,0.0,0,,0,1,1,0,8.5,,,
0,2 days 00:00:00.000000000,7,8,9.485714285714284,10.6,,,0.2857142857142857,0,,7,0,5,0,10.6,,,
0,3 days 00:00:00.000000000,9,13,10.833333333333334,12.0,,,0.0,0,,0,9,3,1,12.0,,,
0,5 days 00:00:00.000000000,4,6,5.0,6.0,0.0,0.0,0.25,0,,2,0,4,0,6.0,,,
0,78 days 00:00:00.000000000,8,8,5.625,8.5,,,0.0,0,,4,0,1,0,8.5,,,
0,4 days 00:00:00.000000000,11,11,9.700000000000001,11.7,,,0.09090909090909091,0,,5,8,5,2,11.7,,,
0,90 days 00:00:00.000000000,10,10,8.766666666666667,9.8,0.9714285714285715,2.2,0.0,0,,0,3,7,0,9.8,,,
0,83 days 00:00:00.000000000,4,4,8.325,10.3,,,0.0,0,,1,4,4,0,10.3,,,
0,0 days 00:00:00.000000000,1,1,6.0,6.0,,,0.0,0,,0,1,1,1,6.0,,,
0,0 days 00:00:00.000000000,1,1,10.0,10.0,,,0.0,0,,0,1,1,0,10.0,,,
0,0 days 00:00:00.000000000,1,4,6.0,6.0,,,0.0,0,,1,0,1,0,6.0,,,
0,11 days 00:00:00.000000000,10,10,8.53,10.3,,,0.0,0,,0,10,5,4,10.3,,,
0,3 days 00:00:00.000000000,2,2,8.75,9.0,,,0.0,0,,0,2,2,0,9.0,,,
0,1 days 00:00:00.000000000,4,4,6.0,7.0,1.2,1.2,0.0,1,1.2,0,0,3,0,7.0,,,
0,207 days 00:00:00.000000000,8,26,8.412500000000001,10.9,,,0.0,0,,1,7,6,2,10.9,,,
0,354 days 00:00:00.000000000,6,11,9.58,11.0,0.0,0.0,0.3333333333333333,0,,1,4,5,1,11.0,,,
0,178 days 00:00:00.000000000,23,49,9.005263157894738,11.3,0.6,1.2,0.043478260869565216,0,,3,16,15,10,11.3,1.2,,
0,1 days 00:00:00.000000000,2,2,,,0.0,0.0,0.0,0,,0,0,1,0,0.0,,,
0,90 days 00:00:00.000000000,10,10,8.620000000000001,12.3,,,0.0,0,,4,6,3,0,12.3,,,
0,127 days 00:00:00.000000000,20,29,9.355,12.0,,,0.0,0,,0,20,5,5,12.0,,,
0,0 days 00:00:00.000000000,2,2,,,0.5,1.0,0.0,0,,0,0,1,0,1.0,,,
0,396 days 00:00:00.000000000,3,3,8.166666666666666,9.5,,,0.0,0,,0,3,2,0,9.5,,,
0,28 days 00:00:00.000000000,14,14,9.085714285714285,12.2,,,0.0,0,,0,14,5,8,12.2,,,
0,477 days 00:00:00.000000000,36,40,11.280555555555559,12.3,,,0.0,0,,1,35,18,19,12.3,12.3,,
0,280 days 00:00:00.000000000,5,5,10.66,11.0,,,0.0,0,,0,5,4,1,11.0,,,
0,442 days 00:00:00.000000000,3,24,8.666666666666666,9.5,,,0.0,0,,3,0,3,1,9.5,,,
0,163 days 00:00:00.000000000,13,13,6.6499999999999995,10.3,0.0,0.0,0.0,1,0.0,6,5,8,5,10.3,,,
0,0 days 00:00:00.000000000,2,2,7.25,8.5,,,0.0,0,,0,2,1,0,8.5,,,
0,191 days 00:00:00.000000000,10,10,8.471428571428572,9.5,2.866666666666667,4.2,0.0,0,,0,7,6,0,9.5,,,
0,101 days 00:00:00.000000000,2,8,6.0,6.0,,,0.0,0,,2,0,2,1,6.0,,,
0,677 days 00:00:00.000000000,22,35,9.604545454545454,12.0,,,0.09090909090909091,1,0.0,2,20,14,4,12.0,12.0,,
0,0 days 00:00:00.000000000,1,1,7.0,7.0,,,0.0,0,,1,0,1,1,7.0,,,
0,0 days 00:00:00.000000000,2,2,7.75,8.5,,,0.0,0,,0,2,1,2,8.5,,,
0,804 days 00:00:00.000000000,57,75,9.014035087719298,11.0,,,0.07017543859649122,0,,20,38,34,7,10.9,11.0,11.0,
0,0 days 00:00:00.000000000,4,4,8.875,10.0,,,0.0,0,,1,3,2,0,10.0,,,
0,122 days 00:00:00.000000000,23,78,10.865000000000002,12.0,1.8,4.2,0.0,0,,5,15,11,6,12.0,11.9,,
0,3 days 00:00:00.000000000,10,10,9.22,12.3,,,0.0,0,,0,10,2,1,12.3,,,
0,5 days 00:00:00.000000000,6,6,9.25,10.5,,,0.0,0,,0,6,3,0,10.5,,,
0,0 days 00:00:00.000000000,2,2,10.0,10.2,,,0.0,0,,0,2,1,0,10.2,,,
0,4 days 00:00:00.000000000,5,5,10.02,11.0,,,0.0,0,,5,0,4,1,11.0,,,
0,3074 days 00:00:00.000000000,38,38,10.5969696969697,13.3,2.48,5.2,0.0,1,1.5,1,32,6,21,13.3,12.0,,
0,44 days 00:00:00.000000000,19,23,6.9526315789473685,9.5,,,0.10526315789473684,0,,19,0,14,5,9.5,,,
0,0 days 00:00:00.000000000,1,1,8.8,8.8,,,0.0,0,,0,1,1,0,8.8,,,
0,1447 days 00:00:00.000000000,24,26,9.091666666666667,10.8,,,0.0,0,,6,18,10,0,10.8,10.7,,
0,143 days 00:00:00.000000000,8,14,5.5,8.0,,,0.125,0,,8,0,8,0,8.0,,,
0,69 days 00:00:00.000000000,17,23,8.6,10.9,,,0.0,0,,11,9,8,0,10.9,,,
0,386 days 00:00:00.000000000,44,50,8.227272727272727,10.6,,,0.0,0,,15,25,14,0,10.4,10.6,6.0,
0,30 days 00:00:00.000000000,2,2,7.5,9.0,,,0.0,0,,1,1,1,0,9.0,,,
0,1233 days 00:00:00.000000000,121,132,8.898333333333332,12.3,2.2,2.2,0.01652892561983471,0,,17,104,48,1,12.0,11.3,12.3,11.3
0,3399 days 00:00:00.000000000,20,26,10.000000000000002,11.0,,,0.0,0,,3,14,10,0,11.0,,,
0,0 days 00:00:00.000000000,1,1,9.5,9.5,,,0.0,0,,1,1,1,0,9.5,,,
0,397 days 00:00:00.000000000,27,27,6.537037037037037,10.0,,,0.0,0,,1,26,9,0,10.0,7.0,,
0,29 days 00:00:00.000000000,5,7,8.7,10.9,,,0.0,0,,0,5,3,1,10.9,,,
0,401 days 00:00:00.000000000,4,4,5.0,6.0,0.0,0.0,0.0,2,0.0,2,0,3,0,6.0,,,
0,81 days 00:00:00.000000000,14,14,9.578571428571427,11.5,,,0.0,0,,3,11,11,0,11.5,,,
0,3634 days 00:00:00.000000000,72,127,7.309722222222224,9.5,,,0.05555555555555555,0,,55,17,41,1,9.5,9.5,9.5,8.8
0,2971 days 00:00:00.000000000,157,257,8.376433121019108,11.3,,,0.025477707006369428,0,,88,70,54,0,11.3,11.3,10.6,10.6
0,308 days 00:00:00.000000000,15,19,7.053333333333333,8.8,,,0.0,0,,2,13,7,0,8.8,,,
0,41 days 00:00:00.000000000,10,10,,,1.9799999999999998,3.2,0.0,0,,0,0,4,0,3.2,,,
0,0 days 00:00:00.000000000,1,1,7.0,7.0,,,0.0,0,,0,1,1,1,7.0,,,
0,20 days 00:00:00.000000000,7,7,7.3999999999999995,8.8,,,0.0,0,,0,7,3,0,8.8,,,
0,490 days 00:00:00.000000000,46,47,8.997826086956524,11.0,,,0.021739130434782608,0,,13,28,19,0,11.0,10.6,9.5,
0,1147 days 00:00:00.000000000,75,83,8.295652173913044,11.6,0.5666666666666668,2.2,0.09333333333333334,0,,9,62,27,0,10.3,11.0,10.6,11.6
0,441 days 00:00:00.000000000,33,36,8.409090909090907,12.0,,,0.21212121212121213,0,,9,24,10,0,12.0,10.2,,
0,0 days 00:00:00.000000000,1,1,,,2.2,2.2,0.0,0,,0,0,1,0,2.2,,,
0,0 days 00:00:00.000000000,1,1,5.0,5.0,,,1.0,0,,1,0,1,0,5.0,,,
0,0 days 00:00:00.000000000,2,2,9.5,9.5,,,0.0,0,,0,2,2,1,9.5,,,
0,188 days 00:00:00.000000000,6,6,7.583333333333333,9.5,,,0.0,0,,1,5,3,0,9.5,,,
0,19 days 00:00:00.000000000,4,4,10.0,10.0,0.39999999999999997,1.2,0.0,0,,0,1,3,0,10.0,,,
0,0 days 00:00:00.000000000,2,2,7.25,8.5,,,0.0,0,,0,0,1,0,8.5,,,
0,74 days 00:00:00.000000000,26,26,7.792307692307692,10.6,,,0.0,0,,4,22,11,10,10.6,9.5,,
0,3758 days 00:00:00.000000000,17,20,7.725,9.5,1.5999999999999999,3.2,0.17647058823529413,0,,8,0,14,0,9.5,,,
0,0 days 00:00:00.000000000,5,5,7.1,8.5,,,0.0,0,,3,2,1,0,8.5,,,
0,381 days 00:00:00.000000000,23,23,3.5333333333333337,4.2,3.6050000000000013,6.2,0.043478260869565216,0,,0,0,14,0,6.2,5.2,,
0,80 days 00:00:00.000000000,3,3,9.9,10.3,1.5,1.5,0.0,1,1.5,0,2,3,0,10.3,,,
0,0 days 00:00:00.000000000,3,4,10.366666666666667,11.3,,,0.0,0,,0,3,1,0,11.3,,,
0,14 days 00:00:00.000000000,4,4,7.5,8.5,,,0.0,0,,2,2,2,0,8.5,,,
0,1 days 00:00:00.000000000,3,3,,,3.466666666666667,5.2,0.0,0,,0,0,2,0,5.2,,,
0,0 days 00:00:00.000000000,5,5,10.059999999999999,11.0,,,0.0,0,,0,5,1,0,11.0,,,
0,309 days 00:00:00.000000000,12,14,8.916666666666666,10.9,,,0.0,0,,0,12,5,7,10.9,,,
0,0 days 00:00:00.000000000,2,2,8.5,10.0,,,0.0,0,,0,2,1,0,10.0,,,
0,174 days 00:00:00.000000000,15,19,7.726666666666666,9.8,,,0.26666666666666666,0,,7,8,10,1,9.8,,,
0,157 days 00:00:00.000000000,10,10,8.870000000000001,11.0,,,0.0,0,,3,9,4,0,11.0,,,
0,52 days 00:00:00.000000000,6,6,5.083333333333333,8.5,,,0.0,0,,1,5,3,0,8.5,,,
0,0 days 00:00:00.000000000,2,2,7.75,8.5,,,0.0,0,,0,2,1,0,8.5,,,
0,75 days 00:00:00.000000000,6,6,8.066666666666666,10.1,,,0.0,0,,3,0,3,0,10.1,,,
0,49 days 00:00:00.000000000,8,13,7.285714285714286,10.0,0.0,0.0,0.125,0,,7,0,5,0,10.0,,,
0,82 days 00:00:00.000000000,2,15,10.05,10.6,,,0.0,0,,2,0,2,0,10.6,,,
0,32 days 00:00:00.000000000,7,7,9.028571428571428,10.1,,,0.0,0,,0,7,3,0,10.1,,,
0,26 days 00:00:00.000000000,16,16,8.5,11.4,,,0.0,0,,2,13,5,10,11.4,,,
0,16 days 00:00:00.000000000,3,7,7.0,7.0,,,0.0,0,,3,0,1,0,7.0,,,
0,13 days 00:00:00.000000000,2,2,10.3,10.3,4.2,4.2,0.0,0,,0,1,2,1,10.3,,,
0,545 days 00:00:00.000000000,2,2,8.5,8.5,2.2,2.2,0.0,0,,0,1,2,0,8.5,,,
0,150 days 00:00:00.000000000,9,9,9.355555555555556,10.3,,,0.2222222222222222,0,,0,9,1,0,10.3,,,
0,0 days 00:00:00.000000000,2,2,,,1.1,1.2,0.0,0,,0,0,2,0,1.2,,,
0,38 days 00:00:00.000000000,13,13,9.53076923076923,12.0,,,0.3076923076923077,0,,4,9,8,0,12.0,,,
0,2426 days 00:00:00.000000000,12,15,9.75,10.0,3.1599999999999997,4.2,0.16666666666666666,0,,2,0,8,0,10.0,,,
0,0 days 00:00:00.000000000,1,3,6.0,6.0,,,0.0,0,,1,0,1,0,6.0,,,
0,1110 days 00:00:00.000000000,19,20,7.484210526315789,10.3,,,0.0,0,,0,19,10,6,10.3,,,
0,0 days 00:00:00.000000000,2,2,9.15,9.5,,,0.0,0,,0,2,1,1,9.5,,,
0,0 days 00:00:00.000000000,1,2,4.0,4.0,,,0.0,0,,1,0,1,0,4.0,,,
0,0 days 00:00:00.000000000,5,5,11.459999999999999,12.3,,,0.0,0,,1,4,4,3,12.3,,,
0,1370 days 00:00:00.000000000,74,87,11.02567567567568,12.3,,,0.02702702702702703,0,,9,66,34,9,12.3,12.1,11.6,12.1
0,1170 days 00:00:00.000000000,71,93,10.401408450704222,12.3,,,0.0,0,,19,57,31,19,11.5,11.9,12.3,11.5
0,0 days 00:00:00.000000000,1,1,,,,,0.0,0,,1,0,1,0,,,,
0,755 days 00:00:00.000000000,34,44,8.12258064516129,10.9,0.7333333333333334,2.2,0.058823529411764705,0,,5,25,15,0,10.6,10.9,,
0,596 days 00:00:00.000000000,60,60,8.76440677966102,12.7,1.2,1.2,0.0,0,,24,35,18,5,12.7,11.3,11.9,
0,672 days 00:00:00.000000000,17,20,7.470588235294118,10.0,,,0.11764705882352941,0,,5,13,12,0,10.0,,,
0,516 days 00:00:00.000000000,44,48,8.390909090909092,10.4,,,0.0,0,,4,44,11,0,10.4,10.3,9.8,
0,27 days 00:00:00.000000000,4,9,6.7,8.8,,,0.0,0,,4,0,4,0,8.8,,,
0,28 days 00:00:00.000000000,12,13,9.05,10.9,,,0.0,0,,0,12,7,4,10.9,,,
0,6 days 00:00:00.000000000,4,4,7.875,8.5,,,0.0,0,,0,4,2,0,8.5,,,
0,1859 days 00:00:00.000000000,24,60,10.441666666666666,12.3,,,0.125,0,,14,11,19,0,12.3,11.0,,
0,43 days 00:00:00.000000000,18,18,7.333333333333333,9.5,,,0.0,0,,0,18,4,0,9.5,,,
0,0 days 00:00:00.000000000,5,5,9.64,11.6,,,0.4,0,,3,0,2,0,11.6,,,
0,225 days 00:00:00.000000000,8,13,8.2875,10.0,,,0.0,0,,7,1,5,0,10.0,,,
0,0 days 00:00:00.000000000,1,1,7.0,7.0,,,0.0,0,,0,1,1,0,7.0,,,
0,65 days 00:00:00.000000000,24,27,6.833333333333333,8.5,,,0.0,0,,0,24,7,1,8.5,8.5,,
0,29 days 00:00:00.000000000,17,18,9.135294117647058,11.5,,,0.11764705882352941,0,,5,12,9,2,11.5,,,
0,50 days 00:00:00.000000000,6,6,8.466666666666667,9.5,,,0.0,0,,0,6,4,1,9.5,,,
0,1 days 00:00:00.000000000,5,7,9.5,9.5,0.3,1.2,0.0,0,,0,1,3,0,9.5,,,
0,105 days 00:00:00.000000000,3,3,,,4.066666666666666,4.2,0.3333333333333333,0,,0,0,2,0,4.2,,,
0,0 days 00:00:00.000000000,1,1,7.0,7.0,,,0.0,0,,0,1,1,0,7.0,,,
0,856 days 00:00:00.000000000,17,23,8.726666666666665,10.9,3.7,4.2,0.0,0,,6,9,9,0,10.9,,,
0,2 days 00:00:00.000000000,2,2,10.45,10.9,,,0.0,0,,0,2,2,0,10.9,,,
0,0 days 00:00:00.000000000,3,3,6.833333333333333,8.5,,,0.0,0,,0,3,2,2,8.5,,,
0,22 days 00:00:00.000000000,4,14,8.65,10.3,,,0.0,0,,2,2,3,1,10.3,,,
0,140 days 00:00:00.000000000,6,6,9.683333333333334,10.1,,,0.0,0,,0,6,3,1,10.1,,,
0,0 days 00:00:00.000000000,9,9,8.055555555555555,9.5,,,0.1111111111111111,0,,1,8,6,2,9.5,,,
0,149 days 00:00:00.000000000,15,15,9.306666666666667,10.9,,,0.0,0,,0,15,6,0,10.9,,,
0,20 days 00:00:00.000000000,9,9,7.377777777777778,8.8,,,0.0,0,,0,9,6,3,8.8,,,
0,31 days 00:00:00.000000000,6,6,8.966666666666667,11.0,,,0.0,0,,2,4,1,2,11.0,,,
0,36 days 00:00:00.000000000,8,9,8.475,10.0,,,0.0,0,,6,2,6,0,10.0,,,
0,0 days 00:00:00.000000000,1,1,9.5,9.5,,,0.0,0,,1,0,1,1,9.5,,,
0,115 days 00:00:00.000000000,15,15,8.7,11.3,,,0.06666666666666667,0,,0,12,3,0,11.3,,,
0,32 days 00:00:00.000000000,9,19,8.375,10.3,1.2,1.2,0.2222222222222222,0,,5,2,6,0,10.3,,,
0,303 days 00:00:00.000000000,144,146,9.328358208955224,11.3,0.8899999999999999,2.8,0.006944444444444444,0,,8,126,41,28,11.3,11.0,10.6,11.2
0,435 days 00:00:00.000000000,28,28,8.685714285714287,10.6,,,0.0,0,,0,28,13,1,10.0,10.6,,
0,554 days 00:00:00.000000000,19,19,,,3.88421052631579,7.2,0.21052631578947367,0,,0,0,17,0,7.2,,,
0,12 days 00:00:00.000000000,6,6,9.433333333333334,10.3,,,0.0,0,,0,6,2,0,10.3,,,
0,142 days 00:00:00.000000000,41,60,8.165000000000001,11.6,0.0,0.0,0.0,0,,16,24,25,8,10.3,11.6,6.0,
0,49 days 00:00:00.000000000,18,20,8.777777777777779,10.0,,,0.0,0,,0,18,12,0,10.0,,,
0,29 days 00:00:00.000000000,22,22,,,0.9727272727272727,4.2,0.0,0,,0,0,5,0,4.2,0.0,,
0,41 days 00:00:00.000000000,2,9,10.05,10.1,,,0.0,0,,2,0,2,0,10.1,,,
0,526 days 00:00:00.000000000,13,13,7.230769230769231,9.5,,,0.0,0,,6,6,6,0,9.5,,,
0,20 days 00:00:00.000000000,3,3,3.6666666666666665,6.0,,,0.0,0,,0,3,2,0,6.0,,,
0,6 days 00:00:00.000000000,7,11,5.0,7.0,,,0.0,0,,7,0,3,0,7.0,,,
0,419 days 00:00:00.000000000,25,25,8.648000000000001,10.6,,,0.0,0,,4,21,12,3,10.6,8.5,,
0,16 days 00:00:00.000000000,7,7,,,0.48571428571428577,2.2,0.0,6,2.2,0,0,2,0,2.2,,,
0,107 days 00:00:00.000000000,6,10,4.0,6.0,0.3,1.2,0.0,0,,2,0,3,0,6.0,,,
0,0 days 00:00:00.000000000,1,1,10.0,10.0,,,0.0,0,,0,1,1,0,10.0,,,
0,143 days 00:00:00.000000000,18,28,9.141666666666666,11.3,4.0,6.2,0.0,0,,5,7,13,2,11.3,,,
0,143 days 00:00:00.000000000,2,23,9.9,10.3,,,0.0,0,,0,2,2,0,10.3,,,
0,0 days 00:00:00.000000000,1,1,8.0,8.0,,,0.0,0,,1,0,1,0,8.0,,,
0,0 days 00:00:00.000000000,3,3,6.0,7.0,,,0.3333333333333333,0,,2,0,1,0,7.0,,,
0,176 days 00:00:00.000000000,24,24,7.133333333333334,9.5,0.3777777777777778,2.2,0.125,9,2.2,6,5,11,1,8.5,9.5,,
0,534 days 00:00:00.000000000,55,59,8.901818181818184,11.5,,,0.05454545454545454,0,,4,51,30,5,10.4,11.5,9.5,
0,531 days 00:00:00.000000000,44,44,7.800000000000001,10.0,0.0,0.0,0.0,1,0.0,8,34,20,8,10.0,10.0,9.5,
0,48 days 00:00:00.000000000,3,3,7.75,8.5,0.0,0.0,0.0,0,,0,2,3,0,8.5,,,
0,141 days 00:00:00.000000000,5,5,7.8,10.5,,,0.0,0,,1,4,4,0,10.5,,,
0,273 days 00:00:00.000000000,18,19,8.133333333333333,10.4,,,0.0,0,,0,18,7,0,10.4,,,
0,1206 days 00:00:00.000000000,24,53,7.412499999999999,11.0,,,0.041666666666666664,0,,23,1,15,0,11.0,8.5,,
0,1161 days 00:00:00.000000000,2,2,,,9.2,10.2,0.0,0,,0,0,2,0,10.2,,,
0,0 days 00:00:00.000000000,4,5,8.125,9.5,,,0.25,0,,0,4,3,3,9.5,,,
0,4768 days 00:00:00.000000000,104,126,8.952884615384612,12.0,,,0.25,0,,82,20,46,4,12.0,11.1,11.1,11.0
0,0 days 00:00:00.000000000,4,4,8.125,9.5,,,0.0,0,,0,4,2,0,9.5,,,
0,7 days 00:00:00.000000000,8,8,7.1,10.3,,,0.0,0,,3,5,2,0,10.3,,,
0,69 days 00:00:00.000000000,19,19,8.4,10.3,,,0.0,0,,0,19,7,0,10.3,,,
